259,259,YJPrn4a67HBE9Ig6A324WLx/K4k=,QDXKtwnCzQgREN1JnKHzOuoe5a4=
259,258,YJPrn4a67HBE9Ig6A324WLx/K4k=,QDXKtwnCzQgREN1JnKHzOuoe5a4=
259,257,YJPrn4a67HBE9Ig6A324WLx/K4k=,QDXKtwnCzQgREN1JnKHzOuoe5a4=
260,257,YJPrn4a67HBE9Ig6A324WLx/K4k=,QDXKtwnCzQgREN1JnKHzOuoe5a4=
260,258,YJPrn4a67HBE9Ig6A324WLx/K4k=,QDXKtwnCzQgREN1JnKHzOuoe5a4=
259,260,YJPrn4a67HBE9Ig6A324WLx/K4k=,QDXKtwnCzQgREN1JnKHzOuoe5a4=
260,260,YJPrn4a67HBE9Ig6A324WLx/K4k=,QDXKtwnCzQgREN1JnKHzOuoe5a4=
260,259,YJPrn4a67HBE9Ig6A324WLx/K4k=,QDXKtwnCzQgREN1JnKHzOuoe5a4=
262,259,YJPrn4a67HBE9Ig6A324WLx/K4k=,QDXKtwnCzQgREN1JnKHzOuoe5a4=
261,258,YJPrn4a67HBE9Ig6A324WLx/K4k=,QDXKtwnCzQgREN1JnKHzOuoe5a4=
262,260,YJPrn4a67HBE9Ig6A324WLx/K4k=,QDXKtwnCzQgREN1JnKHzOuoe5a4=
261,260,YJPrn4a67HBE9Ig6A324WLx/K4k=,QDXKtwnCzQgREN1JnKHzOuoe5a4=
261,257,YJPrn4a67HBE9Ig6A324WLx/K4k=,QDXKtwnCzQgREN1JnKHzOuoe5a4=
262,257,YJPrn4a67HBE9Ig6A324WLx/K4k=,QDXKtwnCzQgREN1JnKHzOuoe5a4=
262,258,YJPrn4a67HBE9Ig6A324WLx/K4k=,QDXKtwnCzQgREN1JnKHzOuoe5a4=
261,259,YJPrn4a67HBE9Ig6A324WLx/K4k=,QDXKtwnCzQgREN1JnKHzOuoe5a4=
263,257,YJPrn4a67HBE9Ig6A324WLx/K4k=,QDXKtwnCzQgREN1JnKHzOuoe5a4=
264,258,YJPrn4a67HBE9Ig6A324WLx/K4k=,QDXKtwnCzQgREN1JnKHzOuoe5a4=
264,257,YJPrn4a67HBE9Ig6A324WLx/K4k=,QDXKtwnCzQgREN1JnKHzOuoe5a4=
263,258,YJPrn4a67HBE9Ig6A324WLx/K4k=,QDXKtwnCzQgREN1JnKHzOuoe5a4=
257,261,YJPrn4a67HBE9Ig6A324WLx/K4k=,QDXKtwnCzQgREN1JnKHzOuoe5a4=
257,262,YJPrn4a67HBE9Ig6A324WLx/K4k=,tfHGyHZA9tfvX54CkSOYdrEIsUo=
258,262,YJPrn4a67HBE9Ig6A324WLx/K4k=,QDXKtwnCzQgREN1JnKHzOuoe5a4=
258,261,YJPrn4a67HBE9Ig6A324WLx/K4k=,QDXKtwnCzQgREN1JnKHzOuoe5a4=
259,256,YJPrn4a67HBE9Ig6A324WLx/K4k=,QDXKtwnCzQgREN1JnKHzOuoe5a4=
260,256,YJPrn4a67HBE9Ig6A324WLx/K4k=,QDXKtwnCzQgREN1JnKHzOuoe5a4=
259,262,YJPrn4a67HBE9Ig6A324WLx/K4k=,QDXKtwnCzQgREN1JnKHzOuoe5a4=
259,261,YJPrn4a67HBE9Ig6A324WLx/K4k=,QDXKtwnCzQgREN1JnKHzOuoe5a4=
260,261,YJPrn4a67HBE9Ig6A324WLx/K4k=,QDXKtwnCzQgREN1JnKHzOuoe5a4=
261,261,YJPrn4a67HBE9Ig6A324WLx/K4k=,QDXKtwnCzQgREN1JnKHzOuoe5a4=
262,261,YJPrn4a67HBE9Ig6A324WLx/K4k=,QDXKtwnCzQgREN1JnKHzOuoe5a4=
257,263,YJPrn4a67HBE9Ig6A324WLx/K4k=,tfHGyHZA9tfvX54CkSOYdrEIsUo=
258,263,YJPrn4a67HBE9Ig6A324WLx/K4k=,QDXKtwnCzQgREN1JnKHzOuoe5a4=
259,263,YJPrn4a67HBE9Ig6A324WLx/K4k=,QDXKtwnCzQgREN1JnKHzOuoe5a4=
264,259,YJPrn4a67HBE9Ig6A324WLx/K4k=,QDXKtwnCzQgREN1JnKHzOuoe5a4=
263,259,YJPrn4a67HBE9Ig6A324WLx/K4k=,QDXKtwnCzQgREN1JnKHzOuoe5a4=
263,260,YJPrn4a67HBE9Ig6A324WLx/K4k=,QDXKtwnCzQgREN1JnKHzOuoe5a4=
262,256,YJPrn4a67HBE9Ig6A324WLx/K4k=,QDXKtwnCzQgREN1JnKHzOuoe5a4=
261,256,YJPrn4a67HBE9Ig6A324WLx/K4k=,QDXKtwnCzQgREN1JnKHzOuoe5a4=
263,256,YJPrn4a67HBE9Ig6A324WLx/K4k=,QDXKtwnCzQgREN1JnKHzOuoe5a4=
264,256,YJPrn4a67HBE9Ig6A324WLx/K4k=,QDXKtwnCzQgREN1JnKHzOuoe5a4=
256,261,YJPrn4a67HBE9Ig6A324WLx/K4k=,QDXKtwnCzQgREN1JnKHzOuoe5a4=
256,262,YJPrn4a67HBE9Ig6A324WLx/K4k=,tfHGyHZA9tfvX54CkSOYdrEIsUo=
263,261,YJPrn4a67HBE9Ig6A324WLx/K4k=,QDXKtwnCzQgREN1JnKHzOuoe5a4=
256,263,YJPrn4a67HBE9Ig6A324WLx/K4k=,tfHGyHZA9tfvX54CkSOYdrEIsUo=
265,259,YJPrn4a67HBE9Ig6A324WLx/K4k=,QDXKtwnCzQgREN1JnKHzOuoe5a4=
265,258,YJPrn4a67HBE9Ig6A324WLx/K4k=,QDXKtwnCzQgREN1JnKHzOuoe5a4=
265,257,YJPrn4a67HBE9Ig6A324WLx/K4k=,QDXKtwnCzQgREN1JnKHzOuoe5a4=
265,256,YJPrn4a67HBE9Ig6A324WLx/K4k=,QDXKtwnCzQgREN1JnKHzOuoe5a4=
256,260,YJPrn4a67HBE9Ig6A324WLx/K4k=,QDXKtwnCzQgREN1JnKHzOuoe5a4=
257,260,YJPrn4a67HBE9Ig6A324WLx/K4k=,QDXKtwnCzQgREN1JnKHzOuoe5a4=
256,259,YJPrn4a67HBE9Ig6A324WLx/K4k=,QDXKtwnCzQgREN1JnKHzOuoe5a4=
258,259,YJPrn4a67HBE9Ig6A324WLx/K4k=,QDXKtwnCzQgREN1JnKHzOuoe5a4=
258,260,YJPrn4a67HBE9Ig6A324WLx/K4k=,QDXKtwnCzQgREN1JnKHzOuoe5a4=
257,259,YJPrn4a67HBE9Ig6A324WLx/K4k=,QDXKtwnCzQgREN1JnKHzOuoe5a4=
258,256,YJPrn4a67HBE9Ig6A324WLx/K4k=,QDXKtwnCzQgREN1JnKHzOuoe5a4=
258,257,YJPrn4a67HBE9Ig6A324WLx/K4k=,QDXKtwnCzQgREN1JnKHzOuoe5a4=
256,258,YJPrn4a67HBE9Ig6A324WLx/K4k=,QDXKtwnCzQgREN1JnKHzOuoe5a4=
257,258,YJPrn4a67HBE9Ig6A324WLx/K4k=,QDXKtwnCzQgREN1JnKHzOuoe5a4=
258,258,YJPrn4a67HBE9Ig6A324WLx/K4k=,QDXKtwnCzQgREN1JnKHzOuoe5a4=
256,257,YJPrn4a67HBE9Ig6A324WLx/K4k=,QDXKtwnCzQgREN1JnKHzOuoe5a4=
256,256,YJPrn4a67HBE9Ig6A324WLx/K4k=,QDXKtwnCzQgREN1JnKHzOuoe5a4=
257,257,YJPrn4a67HBE9Ig6A324WLx/K4k=,QDXKtwnCzQgREN1JnKHzOuoe5a4=
257,256,YJPrn4a67HBE9Ig6A324WLx/K4k=,QDXKtwnCzQgREN1JnKHzOuoe5a4=
